PADK,AK,51.87778,-176.64583
PADQ,AK,57.75,-152.5
PAFM,AK,67.1,-157.85
PAGN,AK,57.5,-134.58333
PAAP,AK,56.25,-134.65
PAWI,AK,70.63333,-159.85
PAKN,AK,58.67667,-156.64917
PAKP,AK,68.13361,-151.74333
PAKW,AK,55.58333,-133.08333
PANC,AK,61.17444,-149.99611
PANI,AK,61.58139,-159.54278
PANT,AK,55.03835,-131.57664
PANV,AK,62.64833,-160.18972
PAPB,AK,56.57861,-169.66139
PARC,AK,68.11444,-145.57917
PAZK,AK,61.93333,-147.16667
PABV,AK,61.41667,-149.51667
PABE,AK,60.77972,-161.83778
PABI,AK,64,-145.73333
PABR,AK,71.28528,-156.76583
PABA,AK,70.13389,-143.57694
PABT,AK,66.91667,-151.51667
PABL,AK,65.98222,-161.15194
PACD,AK,55.22083,-162.72778
PACV,AK,60.49167,-145.47778
PADL,AK,59.05,-158.51667
PADU,AK,53.9,-166.53333
PAEG,AK,64.77639,-141.15083
PAEL,AK,58.2,-136.35
PAEN,AK,60.57306,-151.245
PAEM,AK,62.78333,-164.5
PANN,AK,64.54796,-149.08398
PAFA,AK,64.80389,-147.87611
PFYU,AK,66.56667,-145.26667
PAGA,AK,64.73333,-156.93333
PAGM,AK,63.76667,-171.73333
PAGK,AK,62.15,-145.45
PAGS,AK,58.41667,-135.7
PAHN,AK,59.25,-135.51667
PAHO,AK,59.65,-151.48333
PAHP,AK,61.51667,-166.13333
PAHY,AK,55.2,-132.83333
PAEC,AK,62.88333,-149.83333
PAIL,AK,59.75,-154.9
PAIN,AK,63.73333,-148.91667
PAJN,AK,58.35472,-134.57611
PAFE,AK,56.95,-133.9
PASM,AK,62.05,-163.3
PAKT,AK,55.35556,-131.71361
PALH,AK,61.18333,-149.96667
PAMC,AK,62.96667,-155.61667
PAMD,AK,59.43333,-146.3
PAMO,AK,62.0953,-163.6819
PAMR,AK,61.21667,-149.85
PAMY,AK,60.36667,-166.26667
PAOM,AK,64.51194,-165.445
PAOH,AK,58.11667,-135.45
PAOR,AK,62.96111,-141.92889
PAOT,AK,66.88576,-162.60624
PAAQ,AK,61.6,-149.08333
PAPO,AK,68.35,-166.8
PPIZ,AK,69.71667,-163
PALJ,AK,60.2,-154.31667
PAPH,AK,56.95,-158.63333
PAPT,AK,62.1,-152.75
PASC,AK,70.2,-148.46667
PASD,AK,55.31667,-160.51667
PAGY,AK,59.46667,-135.3
PASH,AK,66.26667,-166.08333
PASI,AK,57.04806,-135.36472
PASW,AK,61.96667,-151.18333
PASL,AK,61.71667,-157.15
PASN,AK,57.16667,-170.21667
PASA,AK,63.68333,-170.5
PAWD,AK,60.11667,-149.45
PASX,AK,60.48333,-151.03333
PATA,AK,65.16667,-152.1
PATK,AK,62.32056,-150.09361
PATG,AK,59.05,-160.4
PAKU,AK,70.31667,-149.58333
PAUN,AK,63.88333,-160.8
PAVD,AK,61.13333,-146.26667
PAWG,AK,56.48333,-132.36667
PAWN,AK,67.56667,-162.98333
PAYA,AK,59.51667,-139.66667
PAPG,AK,56.81667,-132.96667
PARY,AK,64.7272,-155.4697
PAAK,AK,52.22028,-174.20639
PADE,AK,66.08333,-162.75
PAED,AK,61.25306,-149.79389
PAEI,AK,64.65,-147.1
PAFB,AK,64.83667,-147.59556
PAFR,AK,61.26667,-149.65
PAGL,AK,64.54333,-163.03944
PAIK,AK,66.98333,-160.43333
PAJC,AK,56.31139,-158.37333
PAKK,AK,64.93389,-161.15806
PAKV,AK,64.31667,-158.73333
PALP,AK,70.33333,-150.93333
PAMM,AK,55.13111,-131.57806
PAPM,AK,59.01667,-161.81667
PAQT,AK,70.21,-151.00556
PASK,AK,66.61667,-160
PASO,AK,59.45,-151.7
PASY,AK,52.71667,174.11667
PATO,AK,60.78333,-148.83333
PAVL,AK,67.73333,-164.55
PAWS,AK,61.57194,-149.54056
PAHL,AK,65.6975,-156.35111
PAKI,AK,59.93278,-164.03028
PACM,AK,61.8453,-165.5713
PADM,AK,61.8643,-162.0261
PAFS,AK,63.019,-154.358
PAHC,AK,62.1873,-159.77657
PAIG,AK,59.32395,-155.90235
PAJZ,AK,59.727,-157.259
PALG,AK,61.5364,-160.3414
PAMB,AK,58.9902,-159.0499
PAMK,AK,63.48954,-162.11203
PANW,AK,59.45,-157.328
PAOO,AK,60.53352,-165.1143
PAOU,AK,56.008,-161.16
PARS,AK,61.775,-161.3194
PATQ,AK,70.4673,-157.4357
PFSH,AK,64.3711,-161.224
PFNO,AK,66.8175,-161.0223
PAGH,AK,66.8881,-157.1624
PAIW,AK,65.6226,-168.0949
PATE,AK,65.2404,-166.3393
PAHX,AK,62.6923,-159.5692
PFWS,AK,58.7021,-157.0026
PFCL,AK,58.8337,-158.5294
PAQH,AK,59.7551,-161.8454
PANA,AK,60.6903,-161.9785
PAUT,AK,54.1446,-165.6041
PFKW,AK,60.7903,-161.4437
PPIT,AK,60.906,-162.4406
PAAD,AK,70.136,-146.2901
K79J,AL,31.3,-86.38333
KANB,AL,33.59045,-85.84789
KAUO,AL,32.61667,-85.43333
KBFM,AL,30.61389,-88.06333
KBHM,AL,33.56556,-86.745
KDCU,AL,34.65806,-86.94333
KDHN,AL,31.32139,-85.44972
KEET,AL,33.17833,-86.78167
KGAD,AL,33.96667,-86.08333
KGZH,AL,31.41889,-87.04806
KHEY,AL,31.35,-85.66667
KHSV,AL,34.64361,-86.78556
KLOR,AL,31.35889,-85.74833
KMDQ,AL,34.86139,-86.55722
KMGM,AL,32.30028,-86.40611
KMOB,AL,30.68833,-88.24556
KMSL,AL,34.74389,-87.59944
KMXF,AL,32.38333,-86.36667
KOZR,AL,31.27672,-85.71099
KSXS,AL,31.35,-85.85
KTCL,AL,33.22056,-87.61139
KTOI,AL,31.86056,-86.01222
KCMD,AL,34.2687,-86.858
K4A9,AL,34.47361,-85.72139
KALX,AL,32.91472,-85.96278
KSEM,AL,32.35,-86.98333
K1M4,AL,34.28028,-87.60028
K8A0,AL,34.22889,-86.25556
K0J4,AL,31.0425,-86.31167
KHUA,AL,34.6786,-86.6847
KJKA,AL,30.2896,-87.6718
KPRN,AL,31.8457,-86.6107
KCQF,AL,30.461,-87.877
KEUF,AL,31.951,-85.129
K4A6,AL,34.68871,-86.00593
KJFX,AL,33.902,-87.31417
K1A9,AL,32.4387,-86.5127
KASN,AL,33.5695,-86.0512
KEDN,AL,31.2982,-85.9048
KSCD,AL,33.1718,-86.3055
KA08,AL,32.5105,-87.3848
KARG,AR,36.13333,-90.91667
KASG,AR,36.18333,-94.11667
KAWM,AR,35.13333,-90.23333
KBPK,AR,36.37056,-92.47194
KBVX,AR,35.73333,-91.65
KBYH,AR,35.96667,-89.95
KCDH,AR,33.61667,-92.76667
KDEQ,AR,34.04694,-94.39944
KELD,AR,33.22083,-92.81333
KFLP,AR,36.3,-92.58333
KFSM,AR,35.33361,-94.365
KFYV,AR,36.01028,-94.16778
KHKA,AR,35.93889,-89.8325
KHOT,AR,34.47806,-93.09611
KHRO,AR,36.26167,-93.15472
KJBR,AR,35.83722,-90.64306
KLIT,AR,34.72667,-92.23611
KLLQ,AR,33.63833,-91.75111
KLRF,AR,34.91667,-92.15
KMWT,AR,34.55,-93.58333
KPBF,AR,34.175,-91.93472
KROG,AR,36.36667,-94.1
KRUE,AR,35.25889,-93.09333
KSGT,AR,34.6,-91.56667
KSLG,AR,36.2,-94.48333
KSRC,AR,35.21194,-91.73722
KTXK,AR,33.45611,-93.9875
KVBT,AR,36.35,-94.21667
KXNA,AR,36.28194,-94.30694
KMEZ,AR,34.54528,-94.2025
KM19,AR,35.6375,-91.17611
KCCA,AR,35.598,-92.4516
K4M9,AR,36.404,-90.648
KADF,AR,34.0998,-93.0661
NSTU,AS,-14.331,-170.7105
KCGZ,AZ,32.95,-111.76667
KDMA,AZ,32.16667,-110.88333
KDUG,AZ,31.46917,-109.60361
KDVT,AZ,33.69026,-112.06618
KFFZ,AZ,33.46667,-111.73333
KFHU,AZ,31.58333,-110.33333
KFLG,AZ,35.14028,-111.67222
KGXF,AZ,32.8875,-112.72
KGCN,AZ,35.94611,-112.15472
KGEU,AZ,33.52722,-112.29528
KGYR,AZ,33.41667,-112.38333
KIFP,AZ,35.1575,-114.55944
KIGM,AZ,35.25778,-113.93306
KINW,AZ,35.02806,-110.72083
KIWA,AZ,33.31667,-111.65
KLUF,AZ,33.53333,-112.38333
KNYL,AZ,32.65944,-114.59306
KOLS,AZ,31.42083,-110.84583
KPGA,AZ,36.92056,-111.44806
KPHX,AZ,33.427799,-112.003465
KPRC,AZ,34.64917,-112.42222
KRQE,AZ,35.65,-109.06667
KSAD,AZ,32.85722,-109.63556
KSDL,AZ,33.62278,-111.91056
KSJN,AZ,34.51833,-109.37917
KSOW,AZ,34.26528,-110.00556
KTUS,AZ,32.13153,-110.95635
KAZC,AZ,36.95,-113
KCHD,AZ,33.26917,-111.81111
KSEZ,AZ,34.85,-111.78333
KPAN,AZ,34.2568364,-111.3392558
KCMR,AZ,35.3054722,-112.1943889
KBXK,AZ,33.4204,-112.6862
KALK,AZ,31.6072,-110.4281
KRYN,AZ,32.1422,-111.1746
KP08,AZ,32.9359,-111.4265
KHII,AZ,34.5711,-114.3583
KAVQ,AZ,32.4096,-111.2184
KAAT,CA,41.49139,-120.56444
KACV,CA,40.97806,-124.10861
KAPC,CA,38.2075,-122.27944
KBAB,CA,39.13333,-121.43333
KBFL,CA,35.43361,-119.05667
KBIH,CA,37.37111,-118.35806
KBLH,CA,33.61917,-114.71694
KBLU,CA,39.27611,-120.70806
KBUR,CA,34.19972,-118.36472
KBYS,CA,35.28333,-116.61667
KCCR,CA,37.99167,-122.05194
KCEC,CA,41.78028,-124.23667
KCIC,CA,39.8,-121.85
KCMA,CA,34.21667,-119.08333
KCNO,CA,33.97556,-117.62361
KCQT,CA,34.01667,-118.28333
KCRQ,CA,33.13,-117.27583
KCZZ,CA,32.62611,-116.46833
KDAG,CA,34.85361,-116.78667
KEDW,CA,34.91667,-117.9
KEED,CA,34.76611,-114.62333
KEMT,CA,34.08333,-118.03333
KFAT,CA,36.78,-119.71944
KFUL,CA,33.87194,-117.98472
KHHR,CA,33.92361,-118.33194
KHJO,CA,36.31861,-119.62889
KHWD,CA,37.66083,-122.11833
KIPL,CA,32.83417,-115.57861
KLAX,CA,33.93806,-118.38889
KLGB,CA,33.81167,-118.14639
KLPC,CA,34.66667,-120.46667
KLVK,CA,37.69278,-121.81444
KMAE,CA,36.98667,-120.11083
KMCC,CA,38.66667,-121.4
KMCE,CA,37.28306,-120.50778
KMER,CA,37.36667,-120.56667
KMHR,CA,38.55,-121.3
KMHS,CA,41.31583,-122.31611
KMHV,CA,35.06667,-118.15
KMMH,CA,37.61667,-118.83333
KMOD,CA,37.62417,-120.95056
KMRY,CA,36.59056,-121.8475
KMYF,CA,32.81444,-117.13639
KMYV,CA,39.09778,-121.56972
KNFG,CA,33.30472,-117.35389
KNID,CA,35.68639,-117.69
KNJK,CA,32.825,-115.66056
KNKX,CA,32.86833,-117.1425
KNLC,CA,36.30361,-119.93806
KNRS,CA,32.56306,-117.11
KNSI,CA,33.23472,-119.45278
KNTD,CA,34.12389,-119.12167
KNUC,CA,33.02333,-118.58694
KNUQ,CA,37.40583,-122.04806
KNXP,CA,34.29444,-116.145
KNZY,CA,32.69083,-117.20889
KOAK,CA,37.7178,-122.23294
KOKB,CA,33.21806,-117.35139
KONT,CA,34.05333,-117.57583
KOVE,CA,39.49472,-121.62028
KOXR,CA,34.20056,-119.20306
KPAO,CA,37.46667,-122.11667
KPMD,CA,34.62972,-118.08139
KPOC,CA,34.1,-117.78333
KPRB,CA,35.67278,-120.62694
KPSP,CA,33.82219,-116.50431
KPTV,CA,36.03333,-119.06667
KRAL,CA,33.95139,-117.45056
KRBL,CA,40.15056,-122.25222
KRDD,CA,40.51461,-122.2977
KRHV,CA,37.33333,-121.81667
KRIV,CA,33.9,-117.25
KRNM,CA,33.0375,-116.91583
KSAC,CA,38.50694,-121.495
KSAN,CA,32.73361,-117.18306
KSBA,CA,34.42611,-119.84361
KSBD,CA,34.09027,-117.24705
KSBP,CA,35.23611,-120.63611
KSCK,CA,37.88972,-121.22361
KSDB,CA,34.74361,-118.72444
KSDM,CA,32.57528,-116.99306
KSEE,CA,32.82611,-116.97222
KSFO,CA,37.61961,-122.36558
KSIY,CA,41.78139,-122.46806
KSJC,CA,37.35917,-121.92417
KSLI,CA,33.78333,-118.05
KSMF,CA,38.70071,-121.59479
KSMO,CA,34.01583,-118.45139
KSMX,CA,34.89944,-120.44861
KSNA,CA,33.68,-117.86639
KSNS,CA,36.66361,-121.60806
KSQL,CA,37.51667,-122.25
KSTS,CA,38.5,-122.81667
KSUU,CA,38.26667,-121.95
KTOA,CA,33.8,-118.33333
KTRK,CA,39.31667,-120.13333
KTRM,CA,33.62667,-116.15944
KTVL,CA,38.89836,-119.99615
KUKI,CA,39.12583,-123.20083
KVBG,CA,34.72944,-120.57667
KVCB,CA,38.37778,-121.9575
KVIS,CA,36.31667,-119.4
KVNY,CA,34.2125,-118.49083
KWJF,CA,34.74083,-118.21889
KWVI,CA,36.93944,-121.78889
KAUN,CA,38.95,-121.06667
KAVX,CA,33.405,-118.41583
KFCH,CA,36.73333,-119.81667
KIZA,CA,34.60694,-120.07556
KVCV,CA,34.59722,-117.38278
KWHP,CA,34.25,-118.4
K9L2,CA,34.98333,-117.85
KAJO,CA,33.8977,-117.6024
KL35,CA,34.2638,-116.856
KDVO,CA,38.14178,-122.55463
KCVH,CA,36.8933,-121.4103
KHAF,CA,37.5136,-122.4996
KTSP,CA,35.135,-118.4392
KNXF,CA,33.2856,-117.4565
KEDU,CA,38.5315,-121.7865
KPVF,CA,38.7242,-120.7533
KLHM,CA,38.9092,-121.3513
KO22,CA,38.03,-120.42
KO54,CA,40.746,-122.9223
KO69,CA,38.2578,-122.6053
KE16,CA,37.0815861,-121.5968056
KFOT,CA,40.55296,-124.13338
KGOO,CA,39.224028,-121.003083
KO86,CA,40.98452,-122.69342
KBAN,CA,38.3557,-119.5188
KF70,CA,33.5742,-117.1285
KL18,CA,33.3542,-117.2509
KAFF,CO,38.96667,-104.81667
KAKO,CO,40.17428,-103.21459
KALS,CO,37.43933,-105.8618
KAPA,CO,39.55991,-104.84841
KASE,CO,39.22992,-106.87051
KBJC,CO,39.90085,-105.10417
KBKF,CO,39.71331,-104.75806
KCAG,CO,40.49297,-107.52394
KCEZ,CO,37.30706,-108.62644
KCOS,CO,38.80948,-104.68872
KDEN,CO,39.84658,-104.65622
KDRO,CO,37.14312,-107.76023
KEEO,CO,40.04222,-107.88972
KEGE,CO,39.65,-106.91667
KFCS,CO,38.7,-104.76667
KFNL,CO,40.45,-105.01667
KGJT,CO,39.13389,-108.53861
KGUC,CO,38.53333,-106.93333
KGXY,CO,40.43333,-104.63333
KHDN,CO,40.48333,-107.21667
KITR,CO,39.24149,-102.2819
KLAA,CO,38.07178,-102.68745
KLHX,CO,38.04949,-103.51334
KLIC,CO,39.27334,-103.66738
KLXV,CO,39.22806,-106.31611
KMTJ,CO,38.505,-107.8975
KPUB,CO,38.29,-104.49833
KRIL,CO,39.525,-107.72722
KSBS,CO,40.5153,-106.86767
KSPD,CO,37.28333,-102.61667
KTAD,CO,37.26218,-104.33184
KTEX,CO,37.95389,-107.90861
KMYP,CO,38.48444,-106.31694
KCCU,CO,39.47523,-106.15228
KCPW,CO,37.45139,-106.80028
KMNH,CO,39.21667,-104.63389
KVTP,CO,37.50111,-105.16694
K04V,CO,38.09722,-106.16861
K20V,CO,40.05361,-106.36889
K4BM,CO,39.05028,-105.51444
K5SM,CO,39.42556,-107.37917
K7BM,CO,38.7825,-106.21806
KFTG,CO,39.78333,-104.55
K0CO,CO,39.7944,-105.7631
KABH,CO,38.7578,-104.3013
KPSO,CO,37.2862,-107.056
KEIK,CO,40.01169,-105.05033
K1V6,CO,38.41861,-105.1011
K33V,CO,40.7454,-106.2754
KBDU,CO,40.0394297,-105.2258217
KFLY,CO,38.9439,-104.56838
K2V5,CO,40.09929,-102.24308
KANK,CO,38.53828,-106.04864
KAEJ,CO,38.81416,-106.12069
KLMO,CO,40.16115,-105.16042
KHEQ,CO,40.57155,-102.27676
KSTK,CO,40.61331,-103.26109
KAJZ,CO,38.78688,-108.06584
KAIB,CO,38.23875,-108.563277
KFMM,CO,40.33148,-103.80704
KSHM,CO,38.8,-104.5167
KCWN,CO,38.75,-104.85
KRCV,CO,37.7138,-106.352
KBDL,CT,41.93806,-72.6825
KBDR,CT,41.16421,-73.12663
KDXR,CT,41.37167,-73.48444
KGON,CT,41.3275,-72.04944
KHFD,CT,41.735,-72.65167
KHVN,CT,41.26389,-72.88722
KIJD,CT,41.74194,-72.18361
KMMK,CT,41.50972,-72.82778
KOXC,CT,41.48333,-73.13333
KSNC,CT,41.38389,-72.50583
KDOV,DE,39.13333,-75.46667
KGED,DE,38.68974,-75.36245
KILG,DE,39.67442,-75.60567
KMLB,FL,28.09973,-80.6356
K40J,FL,30.07194,-83.57361
KAAF,FL,29.72694,-85.02472
KAPF,FL,26.15,-81.76667
KBCT,FL,26.37861,-80.10778
KBKV,FL,28.47361,-82.45444
KBOW,FL,27.95,-81.78333
KCEW,FL,30.77222,-86.52
KCOF,FL,28.24219,-80.60799
KCRG,FL,30.33709,-81.51275
KCTY,FL,29.633326,-83.105458
KDAB,FL,29.17354,-81.07186
KDTS,FL,30.39333,-86.4675
KEYW,FL,24.55361,-81.75361
KFLL,FL,26.06806,-80.1525
KFMY,FL,26.58417,-81.8625
KFPR,FL,27.49806,-80.37667
KFXE,FL,26.2,-80.18333
KGIF,FL,28.06138,-81.75684
KGNV,FL,29.69194,-82.27556
KHRT,FL,30.41667,-86.68333
KHST,FL,25.48333,-80.38333
KHWO,FL,25.99889,-80.24111
KISM,FL,28.28972,-81.43722
KJAX,FL,30.49444,-81.69333
KLAL,FL,27.98333,-82.01667
KLEE,FL,28.82142,-81.80964
KMAI,FL,30.83667,-85.18361
KMCF,FL,27.85,-82.5
KMCO,FL,28.41826,-81.32413
KMIA,FL,25.79056,-80.31639
KMTH,FL,24.72583,-81.04778
KNIP,FL,30.23468,-81.67462
KNPA,FL,30.35641,-87.32326
KNQX,FL,24.57944,-81.68389
KNRB,FL,30.39583,-81.4225
KNSE,FL,30.72848,-87.02192
KOCF,FL,29.16667,-82.21667
KOPF,FL,25.91,-80.28306
KORL,FL,28.54655,-81.33543
KPAM,FL,30.06667,-85.58333
KPBI,FL,26.6851,-80.09919
KPGD,FL,26.91778,-81.99361
KPIE,FL,27.91259,-82.68554
KPMP,FL,26.24556,-80.11139
KPNS,FL,30.47806,-87.18694
KRSW,FL,26.52694,-81.76639
KSFB,FL,28.78333,-81.25
KSGJ,FL,29.95917,-81.33972
KSPG,FL,27.7676,-82.62633
KSRQ,FL,27.40139,-82.55861
KSUA,FL,27.18167,-80.22111
KTIX,FL,28.51667,-80.8
KTLH,FL,30.39306,-84.35333
KTMB,FL,25.64194,-80.43472
KTPA,FL,27.96139,-82.54028
KTTS,FL,28.61667,-80.7
KVDF,FL,28.01983,-82.3415
KVPS,FL,30.48333,-86.51667
KVQQ,FL,30.21861,-81.87667
KVRB,FL,27.65556,-80.41806
KVVG,FL,28.96667,-81.96667
KXMR,FL,28.46667,-80.56667
KEVB,FL,29.05556,-80.94833
KNDZ,FL,30.69722,-87.02
KOMN,FL,29.30111,-81.11361
KPCM,FL,28,-82.15
KTPF,FL,27.91556,-82.44917
KOBE,FL,27.2628,-80.8498
KINF,FL,28.8086,-82.3165
KCGC,FL,28.8673,-82.5713
KECP,FL,30.3582,-85.7956
KFHB,FL,30.61183,-81.46119
K1J0,FL,30.84578,-85.60139
K42J,FL,29.84475,-82.04753
KFIN,FL,29.4657,-81.20872
KVNC,FL,27.0716,-82.44033
KTDR,FL,30.0333,-85.5333
KDED,FL,29.067,-81.2837
K54J,FL,30.7311,-86.1538
KMKY,FL,25.995,-81.6725
K28J,FL,29.6586,-81.6889
K24J,FL,30.3001,-83.0247
KLCQ,FL,30.1821,-82.5769
KCLW,FL,27.9742,-82.7563
KABY,GA,31.53556,-84.19444
KAGS,GA,33.36444,-81.96333
KAHN,GA,33.95083,-83.32806
KAMG,GA,31.53611,-82.50667
KATL,GA,33.64028,-84.42694
KAYS,GA,31.25,-82.4
KBGE,GA,30.96667,-84.63333
KBQK,GA,31.25,-81.46667
KCCO,GA,33.31222,-84.77028
KCSG,GA,32.51611,-84.94222
KDNL,GA,33.4669,-82.03836
KDNN,GA,34.72167,-84.86917
KFFC,GA,33.35528,-84.56694
KFTY,GA,33.7775,-84.52444
KGVL,GA,34.27194,-83.83028
KIIY,GA,33.77972,-82.81639
KLHW,GA,31.88333,-81.56667
KLSF,GA,32.33333,-84.83333
KLZU,GA,33.97806,-83.9625
KMCN,GA,32.68778,-83.65444
KMGE,GA,33.91667,-84.51667
KMGR,GA,31.08472,-83.80306
KOPN,GA,32.955,-84.26444
KPDK,GA,33.87833,-84.29806
KRMG,GA,34.34778,-85.16111
KRYY,GA,34.01306,-84.59861
KSAV,GA,32.11889,-81.20222
KSSI,GA,31.15167,-81.39139
KSVN,GA,32.01667,-81.15
KTBR,GA,32.48306,-81.73722
KVAD,GA,30.96667,-83.2
KVDI,GA,32.1925,-82.37194
KVLD,GA,30.77632,-83.27389
KVPC,GA,34.12833,-84.84722
KWDR,GA,33.98222,-83.66806
KWRB,GA,32.63333,-83.6
KLGC,GA,33.00889,-85.0725
KBIJ,GA,31.39694,-84.895
KEBA,GA,34.095,-82.81583
KCNI,GA,34.31056,-84.42389
KDQH,GA,31.47667,-82.86028
KEZM,GA,32.21417,-83.12778
KHQU,GA,33.52944,-82.51639
KJYL,GA,32.64528,-81.59639
KMLJ,GA,33.15417,-83.24056
KDBN,GA,32.56444,-82.985
K3J7,GA,33.5975,-83.13889
KHOE,GA,31.0559,-82.7741
KTVI,GA,30.90179,-83.88113
KSBO,GA,32.6091,-82.3699
K19A,GA,34.17586,-83.5616
KCVC,GA,33.632,-83.85
KPUJ,GA,33.919,-84.952
KCTJ,GA,33.63,-85.15
KACJ,GA,32.11081,-84.18886
K6A2,GA,33.227,-84.2749
KAZE,GA,31.8847,-82.6474
KFZG,GA,31.6839,-83.2709
KJES,GA,31.554,-81.8825
KTMA,GA,31.429,-83.4885
KTOC,GA,34.5928,-83.2964
KCKF,GA,31.9888,-83.7739
KBHC,GA,31.7138,-82.3938
KPXE,GA,32.5106,-83.7673
KOKZ,GA,32.9667,-82.8382
KCXU,GA,31.2132,-84.2352
K18A,GA,34.3404,-83.1308
KAJR,GA,34.4998,-83.5567
KJZP,GA,34.4535,-84.4572
K49A,GA,34.6301,-84.5271
KDZJ,GA,34.8544,-83.9973
K9A5,GA,34.6885,-85.2903
KCZL,GA,34.4554,-84.9392
PGUA,GU,13.58333,144.93333
PGUM,GU,13.48333,144.8
PWAK,GU,19.28333,166.65
PHBK,HI,22.03639,-159.78639
PHNL,HI,21.3275,-157.94306
PHTO,HI,19.72222,-155.05583
PHKO,HI,19.74083,-156.05056
PHLI,HI,21.98389,-159.34111
PHNY,HI,20.78556,-156.95139
PHMK,HI,21.15,-157.1
PHOG,HI,20.8925,-156.43694
PHJH,HI,20.96307,-156.67466
PHHI,HI,21.48333,-158.03333
PHJR,HI,21.30833,-158.06806
PHNG,HI,21.45389,-157.76556
PHSF,HI,19.78333,-155.55
PMDY,HI,28.21667,-177.36667
KADU,IA,41.70111,-94.92028
KAIO,IA,41.4,-95.05
KALO,IA,42.55444,-92.40111
KAMW,IA,41.99056,-93.61889
KAXA,IA,43.08333,-94.26667
KBNW,IA,42.05,-93.85
KBRL,IA,40.77278,-91.12528
KCAV,IA,42.75,-93.76667
KCBF,IA,41.26667,-95.76667
KCCY,IA,43.06667,-92.61667
KCID,IA,41.88444,-91.71056
KCIN,IA,42.05,-94.78333
KCNC,IA,41.03333,-93.36667
KCSQ,IA,41.01667,-94.36667
KCWI,IA,41.83333,-90.33333
KDBQ,IA,42.39778,-90.70361
KDEH,IA,43.28333,-91.73333
KDNS,IA,41.98333,-95.38333
KDSM,IA,41.53778,-93.66611
KDVN,IA,41.61389,-90.59139
KEBS,IA,42.43333,-93.86667
KEOK,IA,40.46667,-91.43333
KEST,IA,43.40111,-94.74722
KFFL,IA,41.05,-91.98333
KFOD,IA,42.55,-94.18333
KFSW,IA,40.66667,-91.33333
KHNR,IA,41.58444,-95.33972
KICL,IA,40.71667,-95.03333
KIKV,IA,41.69,-93.56583
KIOW,IA,41.63278,-91.54306
KLRJ,IA,42.77806,-96.19361
KLWD,IA,40.63056,-93.90083
KMCW,IA,43.15778,-93.33139
KMIW,IA,42.11056,-92.91611
KMPZ,IA,40.94667,-91.51111
KMUT,IA,41.36667,-91.15
KMXO,IA,42.23333,-91.16667
KOLZ,IA,42.68083,-91.97444
KORC,IA,42.98333,-96.06667
KOTM,IA,41.10667,-92.44806
KOXV,IA,41.3,-93.11667
KPEA,IA,41.4,-92.93333
KRDK,IA,41.01667,-95.26667
KSDA,IA,40.75,-95.41667
KSHL,IA,43.21667,-95.83333
KSLB,IA,42.6,-95.23333
KSPW,IA,43.16556,-95.20278
KSUX,IA,42.4025,-96.38444
KTNU,IA,41.68333,-93.01667
KCKP,IA,42.73167,-95.55583
KIIB,IA,42.45,-91.93333
KVTI,IA,42.21861,-92.02583
KOOA,IA,41.22611,-92.49361
KGGI,IA,41.7092,-92.7349
KPRO,IA,41.828,-94.1599
KTVK,IA,40.6839,-92.901
KI75,IA,41.05222,-93.68966
KIFA,IA,42.471,-93.27
KFXY,IA,43.235,-93.624
KBOI,ID,43.56704,-116.24053
KBYI,ID,42.5425,-113.77139
KCOE,ID,47.76667,-116.81667
KEUL,ID,43.63333,-116.63333
KIDA,ID,43.52083,-112.06611
KJER,ID,42.72667,-114.45722
KLLJ,ID,44.52278,-114.215
KLWS,ID,46.37472,-117.01444
KMUO,ID,43.05,-115.86667
KMYL,ID,44.89461,-116.09987
KP69,ID,46.14417,-115.59639
KPIH,ID,42.92028,-112.57111
KRXE,ID,43.83167,-111.80611
KGIC,ID,45.94111,-116.13257
KSMN,ID,45.11667,-113.88333
KSNT,ID,44.20861,-114.93444
KSUN,ID,43.5,-114.3
KTWF,ID,42.47861,-114.47611
KSZT,ID,48.29944,-116.56
K65S,ID,48.726,-116.2952
KMAN,ID,43.5813,-116.5231
K1H2,IL,39.07056,-88.53333
KAAA,IL,40.15885,-89.33891
KALN,IL,38.88968,-90.03163
KARR,IL,41.77132,-88.48147
KBLV,IL,38.55,-89.85
KBMI,IL,40.47694,-88.91583
KC09,IL,41.43164,-88.41519
KC75,IL,41.02307,-89.38854
KCMI,IL,40.03245,-88.27547
KCPS,IL,38.56403,-90.14871
KDEC,IL,39.8308,-88.87192
KDKB,IL,41.93381,-88.70657
KDNV,IL,40.19944,-87.59556
KDPA,IL,41.89639,-88.25111
KENL,IL,38.50951,-89.08996
KFEP,IL,42.24751,-89.58104
KFOA,IL,38.66726,-88.4527
KFWC,IL,38.37861,-88.41278
KGBG,IL,40.9329,-90.43339
KHSB,IL,37.81281,-88.54486
KIGQ,IL,41.54125,-87.52822
KIJX,IL,39.77401,-90.24187
KIKK,IL,41.06871,-87.85372
KJOT,IL,41.51755,-88.17903
KLOT,IL,41.60307,-88.10164
KLWV,IL,38.76046,-87.59903
KMDH,IL,37.78328,-89.24532
KMDW,IL,41.78417,-87.75528
KMLI,IL,41.45139,-90.51472
KMQB,IL,40.51763,-90.64807
KMTO,IL,39.47806,-88.27917
KMVN,IL,38.31667,-88.86667
KMWA,IL,37.76671,-89.00993
KOLY,IL,38.72133,-88.1799
KPIA,IL,40.6675,-89.68389
KPNT,IL,40.92327,-88.6213
KPPQ,IL,39.63889,-90.77833
KPRG,IL,39.69817,-87.6669
KPWK,IL,42.12083,-87.90472
KRFD,IL,42.19278,-89.09333
KRPJ,IL,41.89057,-89.08175
KSAR,IL,38.14624,-89.70243
KSLO,IL,38.64278,-88.96417
KSPI,IL,39.84527,-89.68405
KSQI,IL,41.75,-89.66667
KTAZ,IL,39.53417,-89.32778
KTIP,IL,40.28952,-88.1473
KUGN,IL,42.42546,-87.86339
KUIN,IL,39.9425,-91.19444
KVYS,IL,41.35175,-89.14963
KORD,IL,41.97972,-87.90444
K3LF,IL,39.16052,-89.67419
KAJG,IL,38.60928,-87.72508
KCIR,IL,37.06388,-89.2232
KCUL,IL,38.08875,-88.12125
KI63,IL,39.9875,-90.80417
KM30,IL,37.18243,-88.74885
KRSV,IL,39.01361,-87.64846
KSFY,IL,42.04544,-90.11009
KAID,IN,40.11667,-85.61667
KBAK,IN,39.26667,-85.9
KBMG,IN,39.14306,-86.61667
KEKM,IN,41.71667,-86
KEVV,IN,38.04306,-87.52028
KEYE,IN,39.825,-86.29583
KFWA,IN,40.97833,-85.19528
KGEZ,IN,39.58556,-85.8
KGSH,IN,41.52611,-85.78667
KGUS,IN,40.65,-86.15
KGYY,IN,41.61212,-87.40908
KHNB,IN,38.25,-86.95
KHUF,IN,39.44167,-87.32528
KIND,IN,39.725,-86.28194
KLAF,IN,40.4125,-86.9475
KMIE,IN,40.23417,-85.39361
KSBN,IN,41.70889,-86.31861
KVPZ,IN,41.45349,-86.99805
KASW,IN,41.27444,-85.84
KOKK,IN,40.53333,-86.06667
KTYQ,IN,40.03066,-86.2515
KMQJ,IN,39.8435,-85.897
KRZL,IN,40.94789,-87.18258
KOXI,IN,41.33,-86.665
KGGP,IN,40.711,-86.373
KRCR,IN,41.06553,-86.18169
KMZZ,IN,40.49,-85.68
KGWB,IN,41.307,-85.064
KMGC,IN,41.7033,-86.8212
KPPO,IN,41.5725,-86.7345
KANQ,IN,41.6404,-85.0851
KDCY,IN,38.7004,-87.1297
KMCX,IN,40.7088,-86.7668
KHHG,IN,40.8529,-85.4571
K4I7,IN,39.6336,-86.8138
KFKR,IN,40.2734,-86.5622
KCFJ,IN,39.9756,-86.9199
KIMS,IN,38.7589,-85.4655
KOJC,KS,38.85,-94.73917
KIXD,KS,38.82444,-94.88694
KICT,KS,37.64722,-97.42944
KIAB,KS,37.61667,-97.26667
KHUT,KS,38.06806,-97.86056
KCNU,KS,37.67028,-95.48417
KEWK,KS,38.05,-97.28333
KDDC,KS,37.77278,-99.96972
KGCK,KS,37.9275,-100.72444
KLBL,KS,37.05,-100.96667
KGBD,KS,38.35,-98.86667
KHYS,KS,38.85,-99.26667
KP28,KS,37.28389,-98.55278
KMHK,KS,39.13528,-96.67778
KTOP,KS,39.0725,-95.62583
KFOE,KS,38.94139,-95.65056
KCNK,KS,39.55139,-97.65056
KRSL,KS,38.87278,-98.81306
KSLN,KS,38.78,-97.64417
KEHA,KS,37,-101.88333
KGLD,KS,39.3675,-101.69306
KHLC,KS,39.37472,-99.82972
KCFV,KS,37.09111,-95.56639
KPPF,KS,37.32778,-95.50417
KWLD,KS,37.16806,-97.03694
KLWC,KS,39.00833,-95.21167
KFRI,KS,39.05586,-96.76166
KAAO,KS,37.74972,-97.21889
KEMP,KS,38.32889,-96.19389
KPTT,KS,37.7,-98.75
KCBK,KS,39.4275,-101.0465
KPTS,KS,37.4494,-94.7311
KIDP,KS,37.1584,-95.7784
KSYF,KS,39.763884,-101.797861
KOWP,KS,37.17527,-96.15183
KMYZ,KS,39.8553,-96.6306
KEQA,KS,37.77534,-96.81449
K1K1,KS,37.7744,-97.1132
K3AU,KS,37.6716,-97.0779
KBWG,KY,36.96444,-86.41944
KCVG,KY,39.04456,-84.67229
KEHR,KY,37.81667,-87.68333
KFFT,KY,38.18472,-84.90333
KFTK,KY,37.9,-85.96667
KHOP,KY,36.66667,-87.5
KJKL,KY,37.59139,-83.31444
KLEX,KY,38.04083,-84.60583
KLOU,KY,38.22778,-85.66361
KLOZ,KY,37.08944,-84.06861
KOWB,KY,37.74,-87.16667
KPAH,KY,37.05639,-88.77389
KSDF,KY,38.17722,-85.72972
KSME,KY,37.05417,-84.615
KGLW,KY,37.03167,-85.95361
K1A6,KY,36.61056,-83.73722
KCEY,KY,36.6646,-88.3728
KI39,KY,37.6308475,-84.3323372
KDVK,KY,37.5775751,-84.7694978
K2I0,KY,37.35593,-87.39822
KI35,KY,36.85933,-83.35847
KIOB,KY,38.0575,-83.9829
KSJS,KY,37.751,-82.6367
KM25,KY,36.7691,-88.5847
K5M9,KY,37.3363,-88.1097
KSYM,KY,38.215,-83.5874
KFGX,KY,38.5418,-83.7434
KDWU,KY,38.5545,-82.738
KPBX,KY,37.5587,-82.5674
K6I2,KY,37.6352,-85.2418
KCVW,LA,29.78333,-93.3
KAEX,LA,31.33472,-92.55861
KARA,LA,30.02889,-91.88444
KASD,LA,30.34306,-89.82194
KBAD,LA,32.5,-93.66667
KBTR,LA,30.53722,-91.14694
KBVE,LA,29.33333,-89.4
KCWF,LA,30.21667,-93.15
KDTN,LA,32.5425,-93.74472
KESF,LA,31.395,-92.29028
KHDC,LA,30.52083,-90.4175
KHUM,LA,29.56667,-90.66667
KIER,LA,31.73583,-93.09917
KLCH,LA,30.12611,-93.22333
KLFT,LA,30.20222,-91.99306
KMLU,LA,32.51167,-92.03139
KMSY,LA,29.99278,-90.25083
KNBG,LA,29.82528,-90.035
KNEW,LA,30.04944,-90.02889
KP92,LA,29.55903,-91.52498
KPOE,LA,31.05,-93.19389
KPTN,LA,29.71667,-91.33333
KRSN,LA,32.51444,-92.58833
KSHV,LA,32.44694,-93.82417
KTVR,LA,32.34806,-91.03
KBQP,LA,32.75583,-91.88056
KBXA,LA,30.81361,-89.86472
KDRI,LA,30.83167,-93.33972
KACP,LA,30.75056,-92.68861
KGAO,LA,29.44472,-90.26111
KAQV,LA,31.4,-93.2833
KBKB,LA,31.0217,-92.9107
KUXL,LA,30.1314,-93.3761
KIPN,LA,28.08,-87.98
KGBK,LA,27.2,-92.2
KSPR,LA,28.6,-91.2
KMDJ,LA,28.65,-89.8
KEHC,LA,28.43,-92.88
KVBS,LA,29.48,-93.63
KSCF,LA,29.12,-91.87
KMNE,LA,32.64603,-93.29808
KGHB,LA,27.84,-91.988
KVQT,LA,28.27,-92.264
KEIR,LA,28.634,-91.489
KXPY,LA,29.123,-90.202
KATP,LA,27.195,-90.027
KXIH,LA,29.18,-94.521
KMIS,LA,29.296,-88.842
KVKY,LA,29.248,-88.441
KVOA,LA,29.229,-87.781
KGRY,LA,27.625,-90.441
KIYA,LA,29.97578,-92.08422
K3R7,LA,30.2427,-92.6735
K5R8,LA,30.4412,-93.4735
KL38,LA,30.1727,-90.9406
KHZR,LA,30.7183,-91.4787
KOPL,LA,30.5584,-92.0994
KSQE,LA,28.083,-90.819
K1L0,LA,30.087,-90.5827
KACK,MA,41.25389,-70.05972
KAQW,MA,42.69731,-73.16955
KBAF,MA,42.15972,-72.71278
KBED,MA,42.46833,-71.29444
KBOS,MA,42.36056,-71.01056
KBVY,MA,42.58361,-70.91639
KCEF,MA,42.2,-72.53333
KCQX,MA,41.6875,-69.99333
KEWB,MA,41.67528,-70.95694
KFIT,MA,42.55194,-71.75583
KFMH,MA,41.65,-70.51667
KHYA,MA,41.67194,-70.26972
KLWM,MA,42.71306,-71.12583
KMQE,MA,42.21222,-71.11472
KMVY,MA,41.39222,-70.61667
KORE,MA,42.57167,-72.2775
KORH,MA,42.27056,-71.87306
KOWD,MA,42.19083,-71.17389
KPSF,MA,42.42691,-73.28897
KPVC,MA,42.06667,-70.21667
KPYM,MA,41.90861,-70.72806
KTAN,MA,41.87556,-71.02111
KGHG,MA,42.0983,-70.6722
KADW,MD,38.81667,-76.85
KAPG,MD,39.46667,-76.16667
KBWI,MD,39.17329,-76.68404
KDMH,MD,39.28333,-76.61667
KESN,MD,38.8,-76.06667
KFDK,MD,39.4175,-77.37444
KFME,MD,39.08333,-76.76667
KHGR,MD,39.70583,-77.73
KMTN,MD,39.33333,-76.41667
KNAK,MD,38.99125,-76.48907
KNHK,MD,38.27861,-76.41389
KNYG,MD,38.5125,-77.29167
KOXB,MD,38.31056,-75.12389
KSBY,MD,38.34056,-75.51028
KNUI,MD,38.14889,-76.42
K2G4,MD,39.5803,-79.3394
KCGE,MD,38.5393,-76.0304
KCGS,MD,38.9806,-76.9223
KW29,MD,38.9767,-76.33
KGAI,MD,39.16725,-77.16142
KDMW,MD,39.6083,-77.0077
KMLT,ME,45.64778,-68.69194
K40B,ME,46.61667,-69.53333
KAUG,ME,44.32056,-69.79722
KBGR,ME,44.79722,-68.81861
KBHB,ME,44.45,-68.36667
KCAR,ME,46.86722,-68.01333
KFVE,ME,47.285,-68.30722
KGNR,ME,45.46462,-69.5538
KHUL,ME,46.12306,-67.79194
KIWI,ME,43.96401,-69.71076
KIZG,ME,43.98917,-70.95028
KLEW,ME,44.05,-70.28333
KPQI,ME,46.68333,-68.05
KPWM,ME,43.64222,-70.30444
KRKD,ME,44.06667,-69.1
KSFM,ME,43.4,-70.71667
KWVL,ME,44.53333,-69.68333
KACB,MI,44.98833,-85.19833
KADG,MI,41.86778,-84.07944
KAMN,MI,43.32194,-84.68778
KANJ,MI,46.47944,-84.35722
KAPN,MI,45.07167,-83.56444
KARB,MI,42.22389,-83.74
KAZO,MI,42.22917,-85.54639
KBAX,MI,43.78083,-82.98556
KBEH,MI,42.12861,-86.42833
KBIV,MI,42.74611,-86.09667
KBTL,MI,42.3125,-85.24083
KCAD,MI,44.28333,-85.41667
KCIU,MI,46.25,-84.46667
KCMX,MI,47.16833,-88.48889
KCVX,MI,45.30472,-85.27472
KDET,MI,42.40917,-83.01
KDTW,MI,42.23139,-83.33083
KDUH,MI,41.73583,-83.65528
KERY,MI,46.31111,-85.45722
KESC,MI,45.75,-87.03333
KFNT,MI,42.96667,-83.74944
KGLR,MI,45.01639,-84.68889
KGOV,MI,44.68028,-84.72889
KGRR,MI,42.88083,-85.52278
KHTL,MI,44.35111,-84.67417
KHYX,MI,43.43333,-83.8625
KIMT,MI,45.81417,-88.10889
KIRS,MI,41.81278,-85.43917
KISQ,MI,45.97472,-86.17194
KIWD,MI,46.53333,-90.13333
KJXN,MI,42.25972,-84.45944
KJYM,MI,41.92139,-84.58583
KLAN,MI,42.78028,-84.57889
KLDM,MI,43.96667,-86.4
KMBL,MI,44.26667,-86.25
KMBS,MI,43.53167,-84.07724
KMCD,MI,45.865,-84.63722
KMGN,MI,45.42556,-84.91333
KMKG,MI,43.17111,-86.23667
KMNM,MI,45.13333,-87.63333
KMOP,MI,43.61667,-84.73333
KMTC,MI,42.61667,-82.83333
KOEB,MI,41.93333,-85.0525
KONZ,MI,42.09861,-83.16111
KOSC,MI,44.45,-83.36667
KOZW,MI,42.62944,-83.98417
KP58,MI,44.02194,-82.79306
KP59,MI,47.46694,-87.875
KPHN,MI,42.91667,-82.53333
KPLN,MI,45.57083,-84.79667
KPTK,MI,42.66306,-83.41
KRMY,MI,42.25111,-84.95556
KRQB,MI,43.7225,-85.50417
KSAW,MI,46.35361,-87.39528
KSJX,MI,45.69222,-85.56639
KSLH,MI,45.65361,-84.51917
KTEW,MI,42.56583,-84.42333
KTTF,MI,41.94,-83.43472
KTVC,MI,44.73667,-85.57
KYIP,MI,42.23667,-83.52611
KFPK,MI,42.57444,-84.81139
KFKS,MI,44.625,-86.20056
KLWA,MI,42.35083,-86.25611
KP53,MI,46.41167,-86.65083
KPZQ,MI,45.40694,-83.81278
KRNP,MI,42.99278,-84.13889
KCFS,MI,43.45861,-83.44528
KVLL,MI,42.54278,-83.17778
KDRM,MI,46.0072,-83.7427
KHAI,MI,41.9598,-85.5934
KFFX,MI,43.43933,-85.99483
KIKW,MI,43.6624,-84.26213
KY70,MI,42.938,-85.0605
KD95,MI,43.0665,-83.2715
KACQ,MN,44.07024,-93.55342
KADC,MN,46.45022,-95.21353
KAEL,MN,43.68333,-93.36667
KAIT,MN,46.54899,-93.67573
KANE,MN,45.14258,-93.21272
KAQP,MN,45.22488,-96.00412
KAUM,MN,43.66667,-92.93333
KAXN,MN,45.86861,-95.39417
KBBB,MN,45.33098,-95.64692
KBDE,MN,48.72605,-94.61215
KBFW,MN,47.25206,-91.40983
KBJI,MN,47.50762,-94.92783
KBRD,MN,46.40205,-94.12734
KCBG,MN,45.56275,-93.26436
KCDD,MN,48.26014,-92.47485
KCKC,MN,47.83665,-90.38644
KCKN,MN,47.84042,-96.6201
KCOQ,MN,46.69869,-92.5034
KCQM,MN,47.81997,-92.68169
KDLH,MN,46.84347,-92.1866
KDTL,MN,46.82854,-95.88567
KDXX,MN,44.98394,-96.17884
KDYT,MN,46.72452,-92.04448
KELO,MN,47.81667,-91.83333
KETH,MN,45.78284,-96.54607
KEVM,MN,47.4274,-92.49717
KFBL,MN,44.32983,-93.31186
KFCM,MN,44.83217,-93.47051
KFFM,MN,46.28655,-96.15338
KFGN,MN,49.31667,-94.9
KFKA,MN,43.67701,-92.17422
KFOZ,MN,47.78278,-93.65028
KFRM,MN,43.65,-94.41667
KFSE,MN,47.59278,-95.77333
KGHW,MN,45.64564,-95.31876
KGNA,MN,47.7472,-90.3444
KGPZ,MN,47.21667,-93.51667
KGYL,MN,44.7588,-94.0905
KHCD,MN,44.85961,-94.38551
KHCO,MN,48.75245,-96.93759
KHIB,MN,47.38039,-92.83245
KBDH,MN,45.11113,-95.12583
KINL,MN,48.55944,-93.39556
KJKJ,MN,46.83916,-96.65543
KJMR,MN,45.88611,-93.27167
KJYG,MN,43.98558,-94.55299
KLJF,MN,45.09485,-94.50837
KLVN,MN,44.62778,-93.22806
KLXL,MN,45.95,-94.35
KMGG,MN,45.23535,-93.98959
KMIC,MN,45.0625,-93.35083
KMJQ,MN,43.65,-94.98333
KMKT,MN,44.21667,-93.91667
KMML,MN,44.45,-95.81667
KMOX,MN,45.56667,-95.96667
KMSP,MN,44.88306,-93.22889
KMVE,MN,44.96749,-95.71159
KMWM,MN,43.90999,-95.10723
KMZH,MN,46.41667,-92.8
KONA,MN,44.08333,-91.7
KORB,MN,48.01667,-92.86667
KOTG,MN,43.65,-95.58333
KOVL,MN,44.77923,-95.03033
KOWA,MN,44.11907,-93.25687
KPKD,MN,46.89968,-95.06681
KPNM,MN,45.56425,-93.60801
KPQN,MN,43.98542,-96.29764
KPWC,MN,46.72654,-94.38485
KROS,MN,45.69806,-92.95306
KROX,MN,48.85,-95.7
KRRT,MN,48.94139,-95.34833
KRST,MN,43.90417,-92.49167
KRWF,MN,44.54828,-95.08042
KSAZ,MN,46.38083,-94.80667
KSGS,MN,44.86006,-93.03203
KSTC,MN,45.54415,-94.05165
KSTP,MN,44.93237,-93.05588
KTOB,MN,44.02026,-92.8295
KTVF,MN,48.06667,-96.18333
KTWM,MN,47.05,-91.75
KULM,MN,44.32274,-94.50244
KVVV,MN,45.30556,-96.42444
KVWU,MN,48.15014,-94.512
KXVG,MN,46.99028,-94.20389
KPEX,MN,45.37247,-94.73878
KCFE,MN,45.15889,-93.84306
KGDB,MN,44.75306,-95.55583
KHZX,MN,46.61904,-93.31267
KDVP,MN,43.99055,-95.78102
KLYV,MN,43.62166,-96.21394
KSYN,MN,44.47362,-93.01448
KTKC,MN,44.24951,-95.61189
KCNB,MN,44.7295,-96.266
KY63,MN,45.98837,-95.99353
K14Y,MN,45.90171,-94.87275
K04W,MN,46.02437,-92.89905
KD39,MN,45.70566,-94.93084
K21D,MN,45.0002,-92.8549
K9MN,MN,44.0206,-92.48286
K3N8,MN,47.2605,-95.9281
KY49,MN,47.1595,-94.6453
KMCI,MO,39.29722,-94.73056
KAIZ,MO,38.1,-92.55
KCDJ,MO,39.81667,-93.58333
KCGI,MO,37.22556,-89.57833
KCOU,MO,38.81694,-92.21833
KDMO,MO,38.71222,-93.17444
KFAM,MO,37.76667,-90.43333
KIRK,MO,40.09722,-92.54333
KJEF,MO,38.59444,-92.15583
KJLN,MO,37.15611,-94.50056
KLXT,MO,38.95972,-94.37167
KMKC,MO,39.12083,-94.59694
KPOF,MO,36.77056,-90.32222
KSET,MO,38.93056,-90.4325
KSGF,MO,37.23972,-93.38972
KSTJ,MO,39.76806,-94.90917
KSTL,MO,38.7525,-90.37361
KSUS,MO,38.65722,-90.65583
KSZL,MO,38.73333,-93.55
KTBN,MO,37.73333,-92.13333
KUNO,MO,36.87917,-91.905
KVIH,MO,38.13194,-91.76528
KMHL,MO,39.09583,-93.20284
KHAE,MO,39.7245,-91.44366
KSIK,MO,36.89883,-89.56184
KRCM,MO,38.7842,-93.8029
KBBG,MO,36.5321,-93.2005
KHFJ,MO,36.9062,-94.0128
KGLY,MO,38.3566,-93.6842
KOZS,MO,37.974,-92.6912
KVER,MO,38.94672,-92.68267
KFYG,MO,38.5876,-90.9938
KGPH,MO,39.3325,-94.3096
KFWB,MO,36.6985,-93.4022
PGRO,MP,14.18333,145.25
PGSN,MP,15.11667,145.73333
PGWT,MP,14.98333,145.61667
KBIX,MS,30.41667,-88.91667
KCBM,MS,33.65,-88.45
KGLH,MS,33.48278,-90.98556
KGPT,MS,30.41194,-89.08083
KGTR,MS,33.45,-88.58333
KGWO,MS,33.4925,-90.08361
KHBG,MS,31.26945,-89.25613
KHEZ,MS,31.61593,-91.29724
KHKS,MS,32.33472,-90.2225
KHSA,MS,30.36778,-89.45472
KJAN,MS,32.31972,-90.0775
KLUL,MS,31.67,-89.17
KMCB,MS,31.17833,-90.47194
KMEI,MS,32.33806,-88.74778
KNMM,MS,32.55194,-88.55528
KOLV,MS,34.97889,-89.78694
KPIB,MS,31.46667,-89.33333
KPQL,MS,30.46361,-88.53194
KTUP,MS,34.26806,-88.77
KUOX,MS,34.38444,-89.53556
KVKS,MS,32.23333,-90.93333
KUTA,MS,34.68083,-90.34639
KDLP,MS,29.12,-89.55
KCKM,MS,34.2997,-90.5123
KSTF,MS,33.4331,-88.8486
KCRX,MS,34.915,-88.6035
KM40,MS,33.87375,-88.489667
K1R7,MS,31.6058,-90.4093
KJVW,MS,32.30447,-90.41053
KIKT,MS,28.5208,-88.2889
KRNV,MS,33.7611,-90.7579
K5A6,MS,33.465,-89.7302
KMBO,MS,32.4384,-90.1014
KBHK,MT,46.34778,-104.2575
KBIL,MT,45.80694,-108.54222
KBTM,MT,45.95472,-112.4975
KBZN,MT,45.78806,-111.16083
KCTB,MT,48.60833,-112.37611
KDLN,MT,45.2575,-112.55444
KGDV,MT,47.13333,-104.8
KGFA,MT,47.5,-111.18333
KGGW,MT,48.21389,-106.62139
KGTF,MT,47.47333,-111.38222
KHLN,MT,46.60445,-111.9892
KHVR,MT,48.54278,-109.76333
KJDN,MT,47.32583,-106.9475
KLVM,MT,45.69944,-110.44833
KLWT,MT,47.04917,-109.46639
KMLP,MT,47.45417,-115.66972
KMLS,MT,46.42806,-105.88639
KMSO,MT,46.92083,-114.0925
KOLF,MT,48.09444,-105.57722
KSDY,MT,47.7,-104.2
KWYS,MT,44.68333,-111.11667
KGPI,MT,48.30417,-114.26361
KMVH,MT,46.8381,-108.9368
K2DP,NC,35.66667,-75.9
KAKH,NC,35.19687,-81.15545
KASJ,NC,36.2975,-77.17083
KAVL,NC,35.43194,-82.5375
KBUY,NC,36.04778,-79.47389
KCLT,NC,35.21333,-80.94861
KCPC,NC,34.27278,-78.715
KCTZ,NC,34.97556,-78.36472
KDPL,NC,35,-77.98167
KECG,NC,36.26306,-76.18278
KEDE,NC,36.02778,-76.56722
KEQY,NC,35.01694,-80.62056
KEWN,NC,35.0675,-77.04722
KEXX,NC,35.78111,-80.30389
KFAY,NC,34.98944,-78.88
KFBG,NC,35.13333,-78.93333
KFQD,NC,35.42833,-81.935
KGEV,NC,36.43333,-81.41667
KGSB,NC,35.33333,-77.96667
KGSO,NC,36.0975,-79.94361
KGWW,NC,35.46056,-77.965
KHBI,NC,35.65389,-79.895
KHFF,NC,35.03333,-79.5
KHKY,NC,35.74222,-81.38222
KHNZ,NC,36.36167,-78.52917
KHRJ,NC,35.37861,-78.73361
KHSE,NC,35.23222,-75.6225
KIGX,NC,35.9336,-79.0606
KILM,NC,34.27056,-77.9025
KINT,NC,36.13333,-80.22472
KIPJ,NC,35.48306,-81.16139
KISO,NC,35.33333,-77.61667
KJNX,NC,35.54083,-78.39028
KJQF,NC,35.38528,-80.70972
KLBT,NC,34.60722,-79.06
KMEB,NC,34.79139,-79.36806
KMQI,NC,35.91667,-75.7
KMRH,NC,34.73361,-76.66056
KMRN,NC,35.82165,-81.61343
KMWK,NC,36.45972,-80.55306
KNCA,NC,34.70583,-77.44083
KNJM,NC,34.69278,-77.02944
KNKT,NC,34.89719,-76.88135
KOAJ,NC,34.83333,-77.61667
KOCW,NC,35.57056,-77.04972
KPGV,NC,35.63333,-77.4
KPOB,NC,35.16667,-79.03333
KRDU,NC,35.89223,-78.78185
KRHP,NC,35.195,-83.86361
KRUQ,NC,35.65,-80.51667
KRWI,NC,35.855,-77.89306
KSOP,NC,35.23333,-79.4
KSUT,NC,33.92917,-78.07472
KSVH,NC,35.76528,-80.95667
KTDF,NC,36.285,-78.98417
KTNB,NC,36.2,-81.65
KTTA,NC,35.5825,-79.10139
KUKF,NC,36.21667,-81.08333
KVUJ,NC,35.41667,-80.15083
K1A5,NC,35.21667,-83.41667
KRCZ,NC,34.89083,-79.75889
KEHO,NC,35.25,-81.6
KEYF,NC,34.6,-78.58333
KFFA,NC,36.01667,-75.66667
KLHZ,NC,36.02333,-78.33028
KNBT,NC,35.02222,-76.4625
KONX,NC,36.39889,-76.01611
KSIF,NC,36.43722,-79.85083
KAFP,NC,35.02056,-80.07694
KETC,NC,35.9373,-77.54648
KIXA,NC,36.33,-77.635
KSCR,NC,35.7043,-79.5043
KFAR,ND,46.92528,-96.81111
KJMS,ND,46.92972,-98.67833
KDVL,ND,48.11667,-98.91667
KRDR,ND,47.96667,-97.4
KGFK,ND,47.94806,-97.1825
KBIS,ND,46.7825,-100.75722
KDIK,ND,46.79722,-102.80194
KISN,ND,48.17389,-103.63667
KMIB,ND,48.41667,-101.35
KMOT,ND,48.25944,-101.28028
KN60,ND,47.64583,-101.43944
KHEI,ND,46.01056,-102.64972
KBWP,ND,46.24389,-96.60722
K2C8,ND,48.78377,-97.62964
KGAF,ND,48.4,-97.37
K06D,ND,48.88,-99.62
KRUG,ND,48.38,-100.02
K7L2,ND,46.22,-100.25
KHZE,ND,47.28,-101.58
KD50,ND,48.93,-103.3
KD60,ND,48.38,-102.9
KY19,ND,46.77,-100.9
K20U,ND,46.93,-103.98
KD55,ND,48.7531,-98.3937
K9D7,ND,48.48,-99.23
K96D,ND,48.93,-97.9
KBAC,ND,46.9412,-98.018
KGWR,ND,46.2187,-97.6435
K2D5,ND,46.1731,-98.0799
K5H4,ND,47.7912,-99.9317
K08D,ND,48.3008,-102.4064
KD57,ND,46.8128,-101.8602
KOMA,NE,41.31028,-95.89917
KLNK,NE,40.83111,-96.76444
KBIE,NE,40.3,-96.75
KGRI,NE,40.95833,-98.3125
KODX,NE,41.62417,-98.9525
KHSI,NE,40.60056,-98.42583
KEAR,NE,40.73333,-99
KTQE,NE,41.76694,-96.17778
KFNB,NE,40.07889,-95.59194
KOFF,NE,41.11667,-95.9
KBBW,NE,41.43333,-99.65
KANW,NE,42.58333,-100
KOFK,NE,41.98056,-97.43694
KFET,NE,41.45,-96.51667
KOLU,NE,41.45,-97.33333
KONL,NE,42.46667,-98.68333
KSNY,NE,41.09944,-102.98556
KLBF,NE,41.12194,-100.66833
KMCK,NE,40.20306,-100.58833
KIML,NE,40.51667,-101.61667
KHDE,NE,40.45,-99.33333
KAIA,NE,42.05722,-102.8
KCDR,NE,42.8375,-103.09528
KBFF,NE,41.86694,-103.58583
KVTN,NE,42.85861,-100.55139
KAUH,NE,40.89389,-97.99444
KLXN,NE,40.79111,-99.77722
KOGA,NE,41.11972,-101.76889
KAFK,NE,40.6,-95.85
KBVN,NE,41.73016,-98.05453
KHJH,NE,40.15222,-97.58694
KIBM,NE,41.18333,-103.66667
KJYR,NE,40.89667,-97.62278
KMLE,NE,41.19583,-96.11222
KTIF,NE,41.96194,-100.56889
KLCG,NE,42.24167,-96.98139
KPMV,NE,40.95,-95.91778
KBTA,NE,41.4148,-96.109
KAHQ,NE,41.2406,-96.5946
KAFN,NH,42.80583,-72.00056
KASH,NH,42.78167,-71.51472
KBML,NH,44.57611,-71.17861
KCON,NH,43.20489,-71.50257
KDAW,NH,43.27806,-70.92222
KEEN,NH,42.9,-72.26667
KHIE,NH,44.36611,-71.5525
KLCI,NH,43.56667,-71.41667
KLEB,NH,43.62722,-72.30583
KMHT,NH,42.92917,-71.43583
KMWN,NH,44.26667,-71.3
KPSM,NH,43.08333,-70.81667
K1P1,NH,43.77714,-71.75598
K12N,NJ,41.00928,-74.73628
KACY,NJ,39.45202,-74.56699
KBLM,NJ,40.18333,-74.13333
KCDW,NJ,40.87639,-74.28306
KEWR,NJ,40.6825,-74.16944
KFWN,NJ,41.19925,-74.62594
KMIV,NJ,39.36623,-75.0778
KMMU,NJ,40.8,-74.41667
KNEL,NJ,40.03661,-74.35251
KSMQ,NJ,40.62405,-74.66898
KTEB,NJ,40.85889,-74.05667
KTTN,NJ,40.27639,-74.81639
KVAY,NJ,39.94076,-74.84071
KWRI,NJ,40.01667,-74.6
KWWD,NJ,39.01667,-74.91667
KMJX,NJ,39.927,-74.292
KLDJ,NJ,40.6174,-74.2446
KABQ,NM,35.04167,-106.61472
KAEG,NM,35.145,-106.795
KALM,NM,32.83333,-105.98333
KATS,NM,32.8525,-104.4675
KCAO,NM,36.44833,-103.15306
KCNM,NM,32.3375,-104.26333
KCQC,NM,35,-105.66667
KCVN,NM,34.43333,-103.08333
KCVS,NM,34.38333,-103.31667
KDMN,NM,32.26222,-107.72056
KFMN,NM,36.74361,-108.22917
KGNT,NM,35.16528,-107.90222
KGUP,NM,35.51111,-108.78944
KHMN,NM,32.85,-106.1
KHOB,NM,32.68333,-103.21667
KLAM,NM,35.87972,-106.26917
KLRU,NM,32.28944,-106.92194
KLVS,NM,35.65417,-105.1425
KROW,NM,33.30806,-104.50778
KRTN,NM,36.741528,-104.502183
KSAF,NM,35.61056,-106.095
KSKX,NM,36.45,-105.66667
KSRR,NM,33.46667,-105.53333
KSVC,NM,32.63333,-108.15
KTCC,NM,35.18278,-103.60306
KTCS,NM,33.23667,-107.26806
KONM,NM,34.01667,-106.9
KAXX,NM,36.422,-105.2899
KE80,NM,34.6452,-106.8337
KLSB,NM,32.33346,-108.69174
K0E0,NM,34.9856,-106.0095
KDRA,NV,36.6207,-116.02868
KEKO,NV,40.82404,-115.78635
KELY,NV,39.295,-114.84528
KLAS,NV,36.07188,-115.1634
KLOL,NV,40.0684,-118.57017
KLSV,NV,36.23333,-115.03333
KNFL,NV,39.43222,-118.68556
KP68,NV,39.60139,-116.00556
KRNO,NV,39.50776,-119.76819
KTPH,NV,38.06028,-117.08722
KVGT,NV,36.21205,-115.19395
KWMC,NV,40.90194,-117.80722
KHND,NV,35.97278,-115.13444
KINS,NV,36.58333,-115.66667
KCXP,NV,39.19056,-119.73191
KBVU,NV,35.9475,-114.8611
KRTS,NV,39.6682,-119.8764
KMEV,NV,38.9963,-119.75
KALB,NY,42.74722,-73.79912
KART,NY,43.99194,-76.02167
KBGM,NY,42.20778,-75.98139
KBUF,NY,42.93998,-78.73604
KDKK,NY,42.49306,-79.27583
KDSV,NY,42.56944,-77.71444
KELM,NY,42.15639,-76.90278
KELZ,NY,42.1075,-77.98444
KFOK,NY,40.85053,-72.61927
KFRG,NY,40.73443,-73.41639
KFZY,NY,43.35083,-76.38806
KGFL,NY,43.34111,-73.61056
KGTB,NY,44.05,-75.73333
KHPN,NY,41.06237,-73.70456
KHWV,NY,40.82167,-72.86889
KIAG,NY,43.10829,-78.93818
KISP,NY,40.79389,-73.10167
KITH,NY,42.49083,-76.45833
KJFK,NY,40.63915,-73.76393
KJHW,NY,42.15,-79.26667
KLGA,NY,40.77917,-73.88
KMGJ,NY,41.50917,-74.265
KMSS,NY,44.93583,-74.84556
KMSV,NY,41.7,-74.8
KMTP,NY,41.07306,-71.92333
KNYC,NY,40.78333,-73.96667
KOLE,NY,42.23333,-78.36667
KPBG,NY,44.65,-73.46667
KPOU,NY,41.62667,-73.88417
KRME,NY,43.23333,-75.4
KROC,NY,43.11667,-77.67667
KSCH,NY,42.85,-73.93333
KSLK,NY,44.39306,-74.20278
KSWF,NY,41.5,-74.1
KSYR,NY,43.10917,-76.10333
KPEO,NY,42.64306,-77.04944
KN03,NY,42.5926,-76.2149
KAKR,OH,41.0375,-81.46417
KAOH,OH,40.70806,-84.02139
KBJJ,OH,40.87306,-81.88667
KBKL,OH,41.52556,-81.66889
KCAK,OH,40.91806,-81.4425
KCGF,OH,41.56667,-81.48333
KCLE,OH,41.405,-81.85278
KCMH,OH,39.995,-82.87639
KDAY,OH,39.90611,-84.21861
KDFI,OH,41.33639,-84.42944
KFDY,OH,41.01361,-83.66861
KFFO,OH,39.83333,-84.05
KHAO,OH,39.36121,-84.52061
KHZY,OH,41.77944,-80.69667
KILN,OH,39.42833,-83.77917
KLCK,OH,39.81667,-82.93333
KLHQ,OH,39.75722,-82.66333
KLNN,OH,41.68333,-81.38333
KLPR,OH,41.34611,-82.17944
KLUK,OH,39.10583,-84.41583
KMFD,OH,40.82028,-82.51778
KMGY,OH,39.58889,-84.22472
KMNN,OH,40.61667,-83.06833
KOSU,OH,40.07806,-83.07806
KPHD,OH,40.47194,-81.42361
KSGH,OH,39.84028,-83.84
KTDZ,OH,41.56306,-83.47639
KTOL,OH,41.58704,-83.80539
KTZR,OH,39.90083,-83.13722
KUNI,OH,39.22,-82.23
KVTA,OH,40.02278,-82.4625
KYNG,OH,41.25444,-80.67389
KZZV,OH,39.94444,-81.89222
KAXV,OH,40.49333,-84.299
KMWO,OH,39.531,-84.3953
K4I3,OH,40.3289,-82.5261
KPOV,OH,41.21,-81.252
KDLZ,OH,40.2797,-83.1148
KEDJ,OH,40.3723,-83.8192
KMRT,OH,40.2247,-83.3516
KVES,OH,40.2044,-84.5319
KPCW,OH,41.5163,-82.8687
KI69,OH,39.0784,-84.2102
KUSE,OH,41.6101,-84.1272
KRZT,OH,39.4404,-83.0231
KI67,OH,39.2589,-84.7743
KUYF,OH,39.9327,-83.462
KGUY,OK,36.68167,-101.50528
K1F0,OK,34.14694,-97.1225
KADH,OK,34.80444,-96.67139
KADM,OK,34.30306,-97.01944
KAQR,OK,34.39833,-96.14806
KAVK,OK,36.77306,-98.67
KBVO,OK,36.76833,-96.02611
KCHK,OK,35.09611,-97.96611
KCQB,OK,35.72389,-96.82028
KCSM,OK,35.35667,-99.20361
KDUA,OK,33.94222,-96.39444
KDUC,OK,34.47083,-97.96
KEND,OK,36.33333,-97.91667
KFDR,OK,34.34444,-98.98306
KFSI,OK,34.6,-98.4
KGAG,OK,36.29667,-99.76889
KGCM,OK,36.29444,-95.47972
KGMJ,OK,36.60528,-94.73861
KGOK,OK,35.85194,-97.4075
KHBR,OK,34.98944,-99.0525
KJSV,OK,35.43806,-94.80278
KJWG,OK,35.86472,-98.42083
KLAW,OK,34.5575,-98.41667
KLTS,OK,34.65,-99.26667
KMKO,OK,35.65694,-95.35972
KMLC,OK,34.88222,-95.78306
KOKC,OK,35.38861,-97.60028
KOKM,OK,35.66806,-95.94861
KOUN,OK,35.2435,-97.4708
KPNC,OK,36.73056,-97.09972
KPVJ,OK,34.71111,-97.22333
KPWA,OK,35.54111,-97.64667
KRKR,OK,35.02167,-94.62139
KRVS,OK,36.04255,-95.99005
KSWO,OK,36.16222,-97.08917
KTIK,OK,35.41667,-97.38333
KTQH,OK,35.92889,-95.00444
KTUL,OK,36.1975,-95.88639
KWDG,OK,36.37917,-97.79111
KWWR,OK,36.43667,-99.52111
KSNL,OK,35.35722,-96.94278
KAXS,OK,34.69861,-99.33806
KCLK,OK,35.53806,-98.92139
KCUH,OK,35.94972,-96.77278
KOJA,OK,35.54472,-98.66833
K4O4,OK,33.90917,-94.85917
KRQO,OK,35.4725,-98.00556
KBKN,OK,36.74511,-97.34958
KRCE,OK,35.48808,-97.82356
KGZL,OK,35.2891,-95.0939
KHHW,OK,34.0348,-95.5419
KELK,OK,35.4308,-99.3943
KGCD,OR,44.40417,-118.9625
KAST,OR,46.15694,-123.8825
KBKE,OR,44.83722,-117.80917
KBNO,OR,43.595,-118.95639
KCVO,OR,44.5,-123.28333
KEUG,OR,44.13333,-123.21444
KHIO,OR,45.54806,-122.95444
KHRI,OR,45.82583,-119.26111
KLGD,OR,45.28333,-118
KLKV,OR,42.16667,-120.4
KLMT,OR,42.14694,-121.72417
KMEH,OR,45.51139,-118.42472
KMFR,OR,42.38111,-122.87222
KONO,OR,44.01944,-117.00972
KONP,OR,44.58028,-124.05806
KOTH,OR,43.41667,-124.25
KPDT,OR,45.69833,-118.83417
KPDX,OR,45.59578,-122.60917
KRBG,OR,43.23389,-123.35611
KRDM,OR,44.25417,-121.14972
KREO,OR,42.59056,-117.86444
KSLE,OR,44.90778,-122.995
KSXT,OR,42.6,-123.3656
KTTD,OR,45.55111,-122.40889
KUAO,OR,45.24889,-122.76556
KMMV,OR,45.19611,-123.13222
KSPB,OR,45.76917,-122.86222
KBOK,OR,42.07444,-124.29
KBDN,OR,44.0948,-121.2006
KS39,OR,44.287,-120.9038
KMQS,PA,39.98333,-75.86667
KABE,PA,40.64985,-75.44771
KAFJ,PA,40.13333,-80.28333
KAGC,PA,40.35472,-79.92167
KAOO,PA,40.3,-78.31694
KAVP,PA,41.33889,-75.72667
KBFD,PA,41.79861,-78.63583
KBTP,PA,40.78333,-79.95
KBVI,PA,40.76667,-80.4
KCXY,PA,40.21843,-76.8552
KDUJ,PA,41.18333,-78.9
KDYL,PA,40.33016,-75.12286
KERI,PA,42.08,-80.1825
KFIG,PA,41.04667,-78.41167
KFKL,PA,41.38333,-79.86667
KGKJ,PA,41.62639,-80.21472
KIDI,PA,40.63333,-79.1
KIPT,PA,41.24167,-76.92083
KJST,PA,40.31611,-78.83389
KLBE,PA,40.28333,-79.4
KLNS,PA,40.12058,-76.29446
KMDT,PA,40.19361,-76.76333
KMPO,PA,41.13821,-75.37971
KMUI,PA,40.43333,-76.56667
KPHL,PA,39.87327,-75.22678
KPIT,PA,40.50389,-80.26639
KPNE,PA,40.07889,-75.01361
KPTW,PA,40.23802,-75.55487
KSEG,PA,40.81917,-76.86611
KTHV,PA,39.91944,-76.87694
KUNV,PA,40.85344,-77.8401
KRDG,PA,40.37333,-75.95944
KHMZ,PA,40.08528,-78.51222
KLOM,PA,40.1375,-75.265
KUKT,PA,40.435,-75.38167
KUCP,PA,41.02528,-80.41333
KRYT,PA,39.73414,-77.43042
KCKZ,PA,40.38916,-75.2905
KXLL,PA,40.57,-75.488
KN38,PA,41.72789,-77.3965
KHZL,PA,40.9868,-75.9949
TJBQ,PR,18.5,-67.13333
TJMZ,PR,18.26667,-67.15
TJNR,PR,18.25528,-65.64333
TJPS,PR,18.01667,-66.56667
TJSJ,PR,18.45,-66
TJIG,PR,18.4568,-66.0981
KBID,RI,41.16947,-71.57873
KOQU,RI,41.6,-71.41667
KPVD,RI,41.72249,-71.43247
KSFZ,RI,41.91667,-71.5
KUUU,RI,41.53,-71.28361
KWST,RI,41.34972,-71.79889
KAND,SC,34.49778,-82.70972
KCAE,SC,33.94194,-81.11806
KCEU,SC,34.67222,-82.88139
KCHS,SC,32.89889,-80.04056
KCRE,SC,33.81619,-78.72043
KCUB,SC,33.97083,-80.99444
KFLO,SC,34.18778,-79.73083
KGMU,SC,34.84611,-82.34611
KGRD,SC,34.24722,-82.15472
KGSP,SC,34.88389,-82.22083
KMMT,SC,33.91667,-80.8
KMYR,SC,33.68333,-78.93333
KNBC,SC,32.49361,-80.70306
KOGB,SC,33.46389,-80.85361
KSPA,SC,34.91667,-81.95
KSSC,SC,33.96667,-80.48333
KUDG,SC,34.44917,-79.89028
KUZA,SC,34.98389,-81.05583
KHXD,SC,32.21667,-80.7
KMNI,SC,33.58333,-80.21667
KGYH,SC,34.7583,-82.3764
KGGE,SC,33.3117,-79.3196
KHYW,SC,33.829,-79.122
KMAO,SC,34.181,-79.335
KHVS,SC,34.403,-80.119
KBBP,SC,34.622,-79.734
KCQW,SC,34.713,-79.957
KSMS,SC,33.995,-80.361
KCDN,SC,34.284,-80.565
KFDW,SC,34.315,-81.109
KEOE,SC,34.309,-81.64
KLUX,SC,34.507,-81.947
KDCM,SC,34.789,-81.196
KLKR,SC,34.723,-80.855
KCKI,SC,33.717,-79.857
KBNL,SC,33.258,-81.388
KAIK,SC,33.649,-81.685
KLRO,SC,32.898,-79.783
KJZI,SC,32.701,-80.003
KDYB,SC,33.063,-80.279
KRBW,SC,32.921,-80.641
KARW,SC,32.412,-80.634
KLQK,SC,34.80997,-82.70289
KMKS,SC,33.1855,-80.0362
KAQX,SC,32.9951,-81.2703
KFSD,SD,43.57694,-96.75361
KBKX,SD,44.3,-96.81667
KYKN,SD,42.91667,-97.38333
K9V9,SD,43.76667,-99.31833
KHON,SD,44.38806,-98.22833
KMHE,SD,43.76667,-98.03333
KATY,SD,44.90472,-97.14944
KABR,SD,45.44333,-98.41306
KRAP,SD,44.04556,-103.05389
KRCA,SD,44.15,-103.1
KPIR,SD,44.38278,-100.28583
KICR,SD,43.39056,-99.8425
KIEN,SD,43.02556,-102.52306
KMBG,SD,45.55,-100.40861
K2WX,SD,45.60444,-103.54639
KD07,SD,45.03194,-102.01917
KPHP,SD,44.05111,-101.60111
K8D3,SD,45.66889,-96.99139
KCUT,SD,43.73306,-103.6175
KSPF,SD,44.48333,-103.78333
KMDS,SD,44.0164147,-97.0855992
KBNA,TN,36.11889,-86.68917
KCHA,TN,35.03333,-85.2
KCKV,TN,36.61689,-87.41174
KCSV,TN,35.95139,-85.085
KDYR,TN,36,-89.4
KMEM,TN,35.06111,-89.985
KMKL,TN,35.59306,-88.91667
KMQY,TN,36.00889,-86.52
KNQA,TN,35.35667,-89.87028
KOQT,TN,36.02278,-84.23333
KPHT,TN,36.34,-88.38
KTRI,TN,36.47972,-82.39889
KTYS,TN,35.81806,-83.98583
KUCY,TN,36.38,-88.98
KSNH,TN,35.17,-88.22
KMRC,TN,35.55,-87.18333
K0A9,TN,36.371,-82.173
KBGF,TN,35.1775,-86.0662
KTHA,TN,35.38,-86.2467
KSRB,TN,36.0559,-85.5307
KMMI,TN,35.3973,-84.5626
KPVE,TN,35.6564,-88.1954
KRNC,TN,35.6991,-85.8402
KSYI,TN,35.5594,-86.4425
KMOR,TN,36.1794,-83.3754
KFYM,TN,35.0597,-86.564
KGKT,TN,35.85681,-83.53334
KM91,TN,36.5363,-86.9189
KDRT,TX,29.37472,-100.92361
KDLF,TX,29.11667,-100.46667
KGDP,TX,31.83111,-104.80889
KSJT,TX,31.35139,-100.49389
KDHT,TX,36.02333,-102.54722
KMRF,TX,30.36667,-104.01667
KMAF,TX,31.94778,-102.20861
KINK,TX,31.77972,-103.20139
KLBB,TX,33.6675,-101.82139
KELP,TX,31.81111,-106.37583
KCDS,TX,34.4275,-100.28333
KAMA,TX,35.22,-101.71722
KBGD,TX,35.695,-101.395
KFST,TX,30.91194,-102.91667
KODO,TX,31.92139,-102.39167
K6R6,TX,30.04806,-102.21306
KHHF,TX,35.9,-100.4
KPVW,TX,34.16806,-101.71722
KSWW,TX,32.46722,-100.46639
K11R,TX,30.21889,-96.37417
K3T5,TX,29.90806,-96.95
KABI,TX,32.41028,-99.68167
KACT,TX,31.61722,-97.22778
KADS,TX,32.96667,-96.83333
KAFW,TX,32.97333,-97.31806
KALI,TX,27.74111,-98.02694
KATT,TX,30.31667,-97.76667
KAUS,TX,30.19444,-97.67
KBAZ,TX,29.70861,-98.04528
KBMQ,TX,30.74056,-98.23528
KBPT,TX,29.9521,-94.0261
KBRO,TX,25.91417,-97.42306
KBWD,TX,31.8,-98.95
KCLL,TX,30.58222,-96.36167
KCOT,TX,28.45833,-99.22028
KCRP,TX,27.77306,-97.51278
KCRS,TX,32.03111,-96.39889
KCXO,TX,30.35667,-95.41389
KDAL,TX,32.85416,-96.85506
KDFW,TX,32.89743,-97.02196
KDTO,TX,33.20505,-97.20061
KDWH,TX,30.0675,-95.55611
KDYS,TX,32.42,-99.85694
KEFD,TX,29.6,-95.16667
KERV,TX,29.96667,-99.08333
KFTW,TX,32.82528,-97.36417
KFWS,TX,32.56667,-97.3
KGGG,TX,32.39056,-94.71389
KGKY,TX,32.65829,-97.09509
KGLE,TX,33.65139,-97.19694
KGLS,TX,29.27028,-94.86417
KGPM,TX,32.69861,-97.04667
KGRK,TX,31.06667,-97.81667
KGTU,TX,30.68333,-97.68333
KGVT,TX,33.06667,-96.06667
KHDO,TX,29.35944,-99.17417
KHLR,TX,31.13333,-97.7
KHOU,TX,29.6375,-95.2825
KHRL,TX,26.22972,-97.65528
KHYI,TX,29.89361,-97.86472
KIAH,TX,29.9925,-95.36389
KJAS,TX,30.88556,-94.03472
KJCT,TX,30.51083,-99.76639
KLBX,TX,29.11536,-95.46323
KLFK,TX,31.23389,-94.75
KLRD,TX,27.54361,-99.46139
KLVJ,TX,29.52111,-95.24194
KMFE,TX,26.17972,-98.24444
KMWL,TX,32.78167,-98.06028
KNFW,TX,32.76583,-97.43333
KNGP,TX,27.6925,-97.29111
KNQI,TX,27.50306,-97.81167
KOCH,TX,31.58333,-94.71667
KPIL,TX,26.15917,-97.3375
KPRX,TX,33.63333,-95.45
KPSX,TX,28.72485,-96.25347
KPWG,TX,31.48333,-97.31667
KRBD,TX,32.67583,-96.86389
KRKP,TX,28.08371,-97.04664
KRND,TX,29.53333,-98.28333
KSAT,TX,29.53278,-98.46361
KSEP,TX,32.21667,-98.18333
KSGR,TX,29.62222,-95.65667
KSKF,TX,29.38333,-98.58333
KSPS,TX,33.97861,-98.49278
KSSF,TX,29.33889,-98.47167
KT82,TX,30.24361,-98.90944
KTKI,TX,33.17778,-96.59028
KTRL,TX,32.71361,-96.26833
KTYR,TX,32.35861,-95.40389
KUTS,TX,30.74389,-95.58611
KVCT,TX,28.8625,-96.92972
KCOM,TX,31.84,-99.4
KAQO,TX,30.78361,-98.66194
KBKS,TX,27.20667,-98.12111
KBPG,TX,32.2,-101.51667
KBYY,TX,28.97306,-95.86333
KCPT,TX,32.35361,-97.43361
KDUX,TX,35.85778,-102.01306
KE38,TX,30.38417,-103.68333
KEBG,TX,26.44194,-98.12944
KECU,TX,29.94667,-100.17361
KF05,TX,34.22556,-99.28361
KGDJ,TX,32.44417,-97.81667
KGNC,TX,32.67528,-102.6525
KGOP,TX,31.42111,-97.79694
KGYB,TX,30.16917,-96.98
KGYI,TX,33.71667,-96.66667
KHQZ,TX,32.74694,-96.53028
KINJ,TX,32.08333,-97.09722
KJDD,TX,32.74194,-95.49639
KJSO,TX,31.86917,-95.21722
KJWY,TX,32.45583,-96.91222
KJXI,TX,32.69889,-94.94861
KLHB,TX,30.87167,-96.62222
KLNC,TX,32.58323,-96.72091
KLUD,TX,33.25444,-97.58056
KMDD,TX,32.03639,-102.10083
KMKN,TX,31.91667,-98.60028
KNOG,TX,27.88917,-98.04417
KORG,TX,30.06917,-93.80361
KOSA,TX,33.09528,-94.96139
KPEQ,TX,31.38222,-103.51056
KPKV,TX,28.65159,-96.68196
KPPA,TX,35.61278,-100.99611
KPSN,TX,31.77944,-95.70611
KPYX,TX,36.4,-100.73333
KRBO,TX,27.77833,-97.69028
KRPH,TX,33.11,-98.55528
KSLR,TX,33.16111,-95.62111
KSNK,TX,32.69333,-100.95028
KSOA,TX,30.58556,-100.64833
KT65,TX,26.1775,-97.97306
KUVA,TX,29.21111,-99.74333
KXBP,TX,33.17528,-97.82833
KARM,TX,29.25417,-96.15417
KRAS,TX,27.81167,-97.08861
KLZZ,TX,31.10611,-98.19583
KRWV,TX,30.51528,-96.70389
KBBD,TX,31.17917,-99.32389
KDKR,TX,31.30694,-95.40361
KBEA,TX,28.362,-97.791
KCNW,TX,31.6378,-97.0741
KHRX,TX,34.8578,-102.3264
KPEZ,TX,28.9562,-98.5184
KTFP,TX,27.913,-97.2115
KCWC,TX,33.8578,-98.4904
KTME,TX,29.80717,-95.89791
KMNZ,TX,31.6659,-98.1486
KBKD,TX,32.719,-98.891
KRFI,TX,32.1417,-94.8517
KAPY,TX,26.969,-99.249
K6R3,TX,30.3567,-95.0083
KDZB,TX,30.5271,-98.3588
KRYW,TX,30.4967,-97.9659
KEDC,TX,30.3925,-97.5621
KBBF,TX,27.83,-96.02
KGVX,TX,28.53,-94.98
KHQI,TX,27.97,-93.67
KBQX,TX,28.5,-95.72
KMZG,TX,27.73,-96.18
KEMK,TX,27.82,-94.32
KGUL,TX,27.3,-93.53
KSPL,TX,26.07,-97.16
KOZA,TX,30.7353,-101.203
KASL,TX,32.5205,-94.3078
K0F2,TX,33.6017,-97.7756
KBPC,TX,35.889,-101.03
KCRH,TX,28.909,-93.302
KVAF,TX,27.354,-94.625
KHHV,TX,26.939,-94.689
KAXH,TX,29.50613,-95.47692
KMCJ,TX,29.714,-95.395
KCVB,TX,29.34192,-98.8509
KFTN,TX,28.2086,-100.0188
KT35,TX,30.879356,-96.971097
K5C1,TX,29.7239,-98.6946
KBMT,TX,30.0702,-94.2151
KE11,TX,32.3311,-102.5295
KF44,TX,32.1638,-95.8284
KF46,TX,32.9322,-96.43484
KCFD,TX,30.7157,-96.3314
KPRS,TX,29.6341,-104.3616
KT20,TX,29.528,-97.4614
KLXY,TX,31.6412,-96.5145
KCZT,TX,28.5222,-99.8236
K66R,TX,29.6411,-96.5158
KELA,TX,29.6006,-96.3219
KF17,TX,31.8316,-94.1564
KSLC,UT,40.77069,-111.96503
KHIF,UT,41.11667,-111.96667
KOGD,UT,41.19361,-112.01639
KBMC,UT,41.51,-112.05
KPVU,UT,40.21667,-111.71667
KLGU,UT,41.78278,-111.85389
KPUC,UT,39.60917,-110.75472
KVEL,UT,40.44417,-109.51167
KBCE,UT,37.70639,-112.14556
KBDG,UT,37.62,-109.47
KCDC,UT,37.70667,-113.09667
KCNY,UT,38.76,-109.74472
KENV,UT,40.72056,-114.03583
KMLF,UT,38.4225,-113.00972
KSGU,UT,37.0451,-113.50561
KTVY,UT,40.61227,-112.35077
KU16,UT,41.05,-113.06667
KDTA,UT,39.38333,-112.50967
KHVE,UT,38.418037,-110.704038
KAKQ,VA,36.98274,-77.00137
KAVC,VA,36.68861,-78.05417
KBCB,VA,37.21667,-80.41667
KBKT,VA,37.08333,-77.95
KCHO,VA,38.13738,-78.45516
KCJR,VA,38.52667,-77.85889
KCPK,VA,36.66556,-76.32056
KDAA,VA,38.71667,-77.18333
KDAN,VA,36.57278,-79.33611
KDCA,VA,38.84833,-77.03417
KEMV,VA,36.68694,-77.48278
KEZF,VA,38.26667,-77.45
KFAF,VA,37.13333,-76.61667
KFKN,VA,36.7,-76.9
KFVX,VA,37.35,-78.43333
KHEF,VA,38.71667,-77.51667
KHLX,VA,36.76667,-80.81667
KHSP,VA,37.95,-79.83333
KIAD,VA,38.93472,-77.4475
KJYO,VA,39.08333,-77.56667
KLFI,VA,37.08333,-76.35
KLKU,VA,38.00972,-77.97028
KLNP,VA,36.98333,-82.53333
KLYH,VA,37.32083,-79.20667
KMFV,VA,37.65,-75.76667
KMKJ,VA,36.9,-81.35
KMTV,VA,36.63333,-80.01667
KNGU,VA,36.93361,-76.29583
KNTU,VA,36.82111,-76.02833
KOFP,VA,37.70806,-77.43444
KOKV,VA,39.15,-78.15
KOMH,VA,38.24722,-78.04556
KORF,VA,36.90361,-76.19194
KPHF,VA,37.13194,-76.49306
KPSK,VA,37.13333,-80.68333
KPTB,VA,37.18333,-77.51667
KRIC,VA,37.51111,-77.32333
KROA,VA,37.31694,-79.97417
KSFQ,VA,36.68222,-76.60194
KSHD,VA,38.26667,-78.9
KVJI,VA,36.68333,-82.03333
KWAL,VA,37.94056,-75.46306
KFYJ,VA,37.52111,-76.76444
KJGG,VA,37.24157,-76.71672
KNFE,VA,36.70083,-76.12833
KRMN,VA,38.39806,-77.45528
KW63,VA,36.6,-78.56667
KHWY,VA,38.5863,-77.7106
KJFZ,VA,37.064,-81.798
K0VG,VA,36.65408,-83.21783
KXSA,VA,37.859611,-76.894111
KFCI,VA,37.406444,-77.524833
KLUA,VA,38.6671,-78.5006
KPVG,VA,36.7801,-76.4488
KW81,VA,37.181,-78.0983
KLVL,VA,36.7728,-77.7943
KW31,VA,36.9601,-78.185
KFRR,VA,38.9175,-78.2535
KW78,VA,36.71,-78.848
K0V4,VA,37.1417,-79.0164
K8W2,VA,38.6557,-78.7081
KW13,VA,38.0769,-78.9444
KGVE,VA,38.156,-78.1658
KW96,VA,37.5032,-77.1255
KW75,VA,37.6024,-76.4467
KCXE,VA,36.7883,-78.5016
K7W4,VA,37.9658,-77.7459
TIST,VI,18.3373,-64.9734
TISX,VI,17.7004,-64.806
K1V4,VT,44.41944,-72.01944
KBTV,VT,44.46806,-73.15028
KDDH,VT,42.89355,-73.2486
KEFK,VT,44.93,-72.2
KMPV,VT,44.20472,-72.56611
KMVL,VT,44.53611,-72.61611
KRUT,VT,43.53333,-72.95
KVSF,VT,43.3425,-72.52167
KFSO,VT,44.9402808,-73.09746
KCDA,VT,44.5691142,-72.0179789
K6B0,VT,43.9848,-73.0959
KALW,WA,46.095,-118.28417
KAWO,WA,48.16667,-122.16667
KBFI,WA,47.54583,-122.31361
KBLI,WA,48.79911,-122.54064
KCLM,WA,48.12194,-123.50661
KDEW,WA,47.97417,-117.42833
KDLS,WA,45.61861,-121.16722
KEAT,WA,47.39889,-120.20694
KELN,WA,47.03377,-120.53132
KEPH,WA,47.3075,-119.51583
KFHR,WA,48.52028,-123.02528
KGEG,WA,47.62139,-117.52778
KGRF,WA,47.11667,-122.55
KHQM,WA,46.97111,-123.92
KMWH,WA,47.19306,-119.31333
KNUW,WA,48.34917,-122.65056
KOLM,WA,46.97333,-122.90333
KPAE,WA,47.92331,-122.28305
KPSC,WA,46.26972,-119.11667
KPUW,WA,46.74377,-117.11579
KPWT,WA,47.5,-122.75
KRNT,WA,47.49444,-122.21278
KSEA,WA,47.44472,-122.31361
KSFF,WA,47.68556,-117.32028
KSHN,WA,47.23806,-123.14083
KSKA,WA,47.61667,-117.65
KTCM,WA,47.15,-122.48333
KTIW,WA,47.2675,-122.57611
KUIL,WA,47.9375,-124.555
KVUO,WA,45.62103,-122.65419
KYKM,WA,46.56417,-120.53361
KOMK,WA,48.46417,-119.51806
KBVS,WA,48.47083,-122.42083
KORS,WA,48.70806,-122.91028
KCLS,WA,46.677,-122.9827
KPLU,WA,47.104,-122.287
K1S5,WA,46.3271,-119.9704
K1QW,WA,46.8,-120.1667
KAIG,WI,45.15659,-89.11144
KARV,WI,45.93333,-89.73333
KASX,WI,46.54972,-90.91833
KATW,WI,44.2595,-88.51567
KAUW,WI,44.92861,-89.62667
KBUU,WI,42.69088,-88.308
KCLI,WI,44.61526,-88.73129
KCMY,WI,43.95833,-90.73778
KCWA,WI,44.77944,-89.67098
KDLL,WI,43.52372,-89.77345
KEAU,WI,44.86528,-91.485
KEFT,WI,42.61959,-89.59309
KEGV,WI,45.93093,-89.26702
KENW,WI,42.595,-87.93806
KETB,WI,43.42256,-88.1326
KFLD,WI,43.77,-88.48639
KGRB,WI,44.47944,-88.13667
KHYR,WI,46.02056,-91.45028
KISW,WI,44.35917,-89.83694
KJVL,WI,42.62135,-89.04186
KLNR,WI,43.21194,-90.18139
KLSE,WI,43.87944,-91.25667
KMDZ,WI,45.10462,-90.30253
KMFI,WI,44.63806,-90.1875
KMKE,WI,42.955,-87.90444
KMRJ,WI,42.88754,-90.23147
KMSN,WI,43.14056,-89.34528
KMTW,WI,44.13333,-87.68333
KMWC,WI,43.10961,-88.03048
KOEO,WI,45.31084,-92.6948
KOSH,WI,43.96667,-88.55806
KOVS,WI,43.15611,-90.6775
KPBH,WI,45.7,-90.4
KPDC,WI,43.01938,-91.12112
KRAC,WI,42.75861,-87.81778
KRGK,WI,44.5926,-92.48439
KRHI,WI,45.63167,-89.48222
KRNH,WI,45.14762,-92.53349
KRPD,WI,45.41806,-91.77361
KRRL,WI,45.19844,-89.70996
KRYV,WI,43.17016,-88.72497
KRZN,WI,45.82278,-92.3725
KSBM,WI,43.77639,-87.84972
KSTE,WI,44.54371,-89.53468
KSUE,WI,44.85,-87.41667
KSUW,WI,46.68335,-92.09254
KUES,WI,43.04245,-88.24607
KUNU,WI,43.42667,-88.70333
KVOK,WI,43.93333,-90.26667
KLNL,WI,46.15389,-89.21194
KLUM,WI,44.89363,-91.86652
KPCZ,WI,44.33425,-89.02023
KRCX,WI,45.4935,-90.9985
KTKV,WI,45.46801,-89.80962
KY50,WI,44.04139,-89.30444
KC29,WI,43.1142699,-89.5315336
KY51,WI,43.5794,-90.9131
KUBE,WI,45.506,-91.9811
KBCK,WI,44.24996,-90.84999
KPVB,WI,42.69092,-90.44124
KEZS,WI,44.787,-88.56
KD25,WI,46.12035,-89.88016
KOCQ,WI,44.8742,-87.9096
KY23,WI,45.3106,-91.6381
KC35,WI,43.5259,-89.9832
KOLG,WI,46.3148,-91.8164
KBKW,WV,37.795,-81.12472
KBLF,WV,37.29583,-81.20778
KCKB,WV,39.3,-80.22472
KCRW,WV,38.37944,-81.59139
KEKN,WV,38.88528,-79.85278
KHLG,WV,40.17028,-80.64444
KHTS,WV,38.365,-82.555
KLWB,WV,37.86667,-80.4
KMGW,WV,39.64985,-79.92065
KMRB,WV,39.40194,-77.98444
KPKB,WV,39.345,-81.43917
KW99,WV,38.98333,-79.13333
KI16,WV,37.60028,-81.55917
KW22,WV,39,-80.26667
KCBE,WV,39.61528,-78.76083
K6L4,WV,37.8557,-81.9159
KBPI,WY,42.57889,-110.10306
KBYG,WY,44.38139,-106.71889
KCOD,WY,44.51667,-109.01667
KCPR,WY,42.8975,-106.47306
KCYS,WY,41.15789,-104.80812
KDGW,WY,42.79417,-105.38194
KGCC,WY,44.33944,-105.54194
KJAC,WY,43.6,-110.73333
KLAR,WY,41.3165,-105.67287
KLND,WY,42.81472,-108.72806
KP60,WY,44.54444,-110.42111
KRIW,WY,43.06194,-108.44639
KRKS,WY,41.59417,-109.06528
KRWL,WY,41.80556,-107.19972
KSHR,WY,44.76031,-106.97411
KWRL,WY,43.96583,-107.95083
KTOR,WY,42.0645,-104.1527
KEVW,WY,41.27306,-111.03056
KGEY,WY,44.5174,-108.0752
KEMM,WY,41.82,-110.56
KAFO,WY,42.71133,-110.94217
KU68,WY,44.91167,-108.4455
KDUB,WY,43.5484,-109.6903
KFBR,WY,41.392,-110.40683
KPNA,WY,42.79528,-109.80694
KPOY,WY,44.8672,-108.7934
KSAA,WY,41.44483,-106.8235
KECS,WY,43.8854,-104.3179
KW43,WY,44.6629,-104.5678
KFWZ,WY,42.5167,-108.7833
KTBX,WY,43.4667,-108.2333
KEHY,WY,41.7253,-106.4594
K82V,WY,41.1533,-104.1302
KDWX,WY,41.0374,-107.4925
KGUR,WY,42.2597,-104.7283
